{
  "original": {
    "statistics": {
      "#light": 6099,
      "#dark": 706,
      "total": 6805,
      "light_ratio": 0.8962527553269655,
      "dark_ratio": 0.10374724467303453
    },
    "lambda_D": 0.8971344599559148,
    "lambda_M": 0.893460690668626,
    "F1": 0.3446371223730089,
    "caption_quality": {
      "BLEU-1": 0.32024809591330605,
      "BLEU-2": 0.18903021495010522,
      "BLEU-3": 0.11043811875579045,
      "BLEU-4": 0.06828871297828322,
      "ROUGE-1": 0.3646080742219643,
      "ROUGE-2": 0.12546486363159723,
      "ROUGE-L": 0.3446371223730089,
      "F1": 0.3446371223730089
    },
    "lambda_D_F1": 0.8971344599559148,
    "bias_amplification": -0.0036737692872887973,
    "light_quality": {
      "BLEU-1": 0.3223479137546554,
      "BLEU-2": 0.19045019931072613,
      "BLEU-3": 0.11125968203761061,
      "BLEU-4": 0.06886275161521611,
      "ROUGE-1": 0.3662963428534274,
      "ROUGE-2": 0.1262905701872473,
      "ROUGE-L": 0.34635710670743775,
      "F1": 0.34635710670743775
    },
    "dark_quality": {
      "BLEU-1": 0.3019360686440764,
      "BLEU-2": 0.17663223145882223,
      "BLEU-3": 0.10325608655887981,
      "BLEU-4": 0.06324879333870596,
      "ROUGE-1": 0.3500234419510107,
      "ROUGE-2": 0.11833174141784414,
      "ROUGE-L": 0.32977850416382776,
      "F1": 0.32977850416382776
    },
    "quality_gaps": {
      "bleu4_gap": 0.00561395827651015,
      "f1_gap": 0.016578602543609988
    }
  },
  "\u03b1 = 2.0": {
    "statistics": {
      "#light": 1412,
      "#dark": 706,
      "total": 2118,
      "light_ratio": 0.6666666666666666,
      "dark_ratio": 0.3333333333333333
    },
    "lambda_D": 0.6682464454976303,
    "lambda_M": 0.6374407582938388,
    "F1": 0.3425490140905308,
    "caption_quality": {
      "BLEU-1": 0.3181150266727072,
      "BLEU-2": 0.18632597217702518,
      "BLEU-3": 0.10856585714878168,
      "BLEU-4": 0.06720107981130094,
      "ROUGE-1": 0.3635260523911997,
      "ROUGE-2": 0.12332900542122886,
      "ROUGE-L": 0.3425490140905308,
      "F1": 0.3425490140905308
    },
    "lambda_D_F1": 0.6469194312796208,
    "bias_amplification": -0.009478672985781977,
    "light_quality": {
      "BLEU-1": 0.3261699966538771,
      "BLEU-2": 0.19114711310026786,
      "BLEU-3": 0.11120204594718122,
      "BLEU-4": 0.06915122551667155,
      "ROUGE-1": 0.3702773576112942,
      "ROUGE-2": 0.12582763742292122,
      "ROUGE-L": 0.34893426905388225,
      "F1": 0.34893426905388225
    },
    "dark_quality": {
      "BLEU-1": 0.3019360686440764,
      "BLEU-2": 0.17663223145882223,
      "BLEU-3": 0.10325608655887981,
      "BLEU-4": 0.06324879333870596,
      "ROUGE-1": 0.3500234419510107,
      "ROUGE-2": 0.11833174141784414,
      "ROUGE-L": 0.3297785041638278,
      "F1": 0.3297785041638278
    },
    "quality_gaps": {
      "bleu4_gap": 0.005902432177965586,
      "f1_gap": 0.01915576489005444
    }
  },
  "\u03b1 = 1.0": {
    "statistics": {
      "#light": 706,
      "#dark": 706,
      "total": 1412,
      "light_ratio": 0.5,
      "dark_ratio": 0.5
    },
    "lambda_D": 0.5527272727272727,
    "lambda_M": 0.5236363636363637,
    "F1": 0.3407147066248698,
    "caption_quality": {
      "BLEU-1": 0.31623049790254665,
      "BLEU-2": 0.18517273764167463,
      "BLEU-3": 0.10821805972330802,
      "BLEU-4": 0.0668440745669456,
      "ROUGE-1": 0.3622369071365508,
      "ROUGE-2": 0.12333168929193448,
      "ROUGE-L": 0.3407147066248698,
      "F1": 0.3407147066248698
    },
    "lambda_D_F1": 0.5018181818181818,
    "bias_amplification": 0.021818181818181848,
    "light_quality": {
      "BLEU-1": 0.33042392622922845,
      "BLEU-2": 0.19364145826508772,
      "BLEU-3": 0.11312982732238584,
      "BLEU-4": 0.07037983121706344,
      "ROUGE-1": 0.37445037232209105,
      "ROUGE-2": 0.1283316371660248,
      "ROUGE-L": 0.35165090908591184,
      "F1": 0.35165090908591184
    },
    "dark_quality": {
      "BLEU-1": 0.3019360686440764,
      "BLEU-2": 0.17663223145882223,
      "BLEU-3": 0.10325608655887981,
      "BLEU-4": 0.06324879333870596,
      "ROUGE-1": 0.3500234419510107,
      "ROUGE-2": 0.11833174141784417,
      "ROUGE-L": 0.3297785041638278,
      "F1": 0.3297785041638278
    },
    "quality_gaps": {
      "bleu4_gap": 0.007131037878357477,
      "f1_gap": 0.021872404922084032
    }
  }
}