{
  "original": {
    "statistics": {
      "#light": 6099,
      "#dark": 706,
      "total": 6805,
      "light_ratio": 0.8962527553269655,
      "dark_ratio": 0.10374724467303453
    },
    "lambda_D": 0.8971344599559148,
    "lambda_M": 0.8971344599559148,
    "F1": 0.348052676574292,
    "caption_quality": {
      "BLEU-1": 0.33160282926945633,
      "BLEU-2": 0.19666027217298526,
      "BLEU-3": 0.11588040408879086,
      "BLEU-4": 0.07182654080501594,
      "ROUGE-1": 0.3700200479467345,
      "ROUGE-2": 0.1284845008391395,
      "ROUGE-L": 0.348052676574292,
      "F1": 0.348052676574292
    },
    "lambda_D_F1": 0.8971344599559148,
    "bias_amplification": 0.0,
    "light_quality": {
      "BLEU-1": 0.3332609433345445,
      "BLEU-2": 0.1974217873138025,
      "BLEU-3": 0.11637525531278288,
      "BLEU-4": 0.07241802371678951,
      "ROUGE-1": 0.3715623346271446,
      "ROUGE-2": 0.1286870613237839,
      "ROUGE-L": 0.3492937405417527,
      "F1": 0.3492937405417527
    },
    "dark_quality": {
      "BLEU-1": 0.31717532214502414,
      "BLEU-2": 0.19002112114450306,
      "BLEU-3": 0.11156412942028884,
      "BLEU-4": 0.0664994313181131,
      "ROUGE-1": 0.3566965260433045,
      "ROUGE-2": 0.12673461925862078,
      "ROUGE-L": 0.3373313605154494,
      "F1": 0.3373313605154494
    },
    "quality_gaps": {
      "bleu4_gap": 0.005918592398676412,
      "f1_gap": 0.011962380026303343
    }
  },
  "\u03b1 = 2.0": {
    "statistics": {
      "#light": 1412,
      "#dark": 706,
      "total": 2118,
      "light_ratio": 0.6666666666666666,
      "dark_ratio": 0.3333333333333333
    },
    "lambda_D": 0.6682464454976303,
    "lambda_M": 0.6137440758293838,
    "F1": 0.3451123622891162,
    "caption_quality": {
      "BLEU-1": 0.3298423758405132,
      "BLEU-2": 0.19542978702570185,
      "BLEU-3": 0.1152396529707609,
      "BLEU-4": 0.07163554796415654,
      "ROUGE-1": 0.3680912518496478,
      "ROUGE-2": 0.12769997082800025,
      "ROUGE-L": 0.3451123622891162,
      "F1": 0.3451123622891162
    },
    "lambda_D_F1": 0.6469194312796208,
    "bias_amplification": -0.033175355450236976,
    "light_quality": {
      "BLEU-1": 0.33616280358658274,
      "BLEU-2": 0.19811937860800433,
      "BLEU-3": 0.11706743111003043,
      "BLEU-4": 0.07407095045632675,
      "ROUGE-1": 0.37378861475281955,
      "ROUGE-2": 0.12818264661268994,
      "ROUGE-L": 0.34900286317594964,
      "F1": 0.34900286317594964
    },
    "dark_quality": {
      "BLEU-1": 0.31717532214502414,
      "BLEU-2": 0.19002112114450306,
      "BLEU-3": 0.11156412942028884,
      "BLEU-4": 0.0664994313181131,
      "ROUGE-1": 0.35669652604330443,
      "ROUGE-2": 0.12673461925862078,
      "ROUGE-L": 0.33733136051544943,
      "F1": 0.33733136051544943
    },
    "quality_gaps": {
      "bleu4_gap": 0.007571519138213648,
      "f1_gap": 0.01167150266050021
    }
  },
  "\u03b1 = 1.0": {
    "statistics": {
      "#light": 706,
      "#dark": 706,
      "total": 1412,
      "light_ratio": 0.5,
      "dark_ratio": 0.5
    },
    "lambda_D": 0.5527272727272727,
    "lambda_M": 0.5818181818181818,
    "F1": 0.34453813835287633,
    "caption_quality": {
      "BLEU-1": 0.32838027993373414,
      "BLEU-2": 0.1957697151607449,
      "BLEU-3": 0.1157942753140215,
      "BLEU-4": 0.07168460234145116,
      "ROUGE-1": 0.36736638272358196,
      "ROUGE-2": 0.12952017037134192,
      "ROUGE-L": 0.34453813835287633,
      "F1": 0.34453813835287633
    },
    "lambda_D_F1": 0.5018181818181818,
    "bias_amplification": 0.07999999999999996,
    "light_quality": {
      "BLEU-1": 0.3395277295588282,
      "BLEU-2": 0.2014820255058479,
      "BLEU-3": 0.11998405190923508,
      "BLEU-4": 0.0765746756105856,
      "ROUGE-1": 0.37803623940385944,
      "ROUGE-2": 0.13230572148406305,
      "ROUGE-L": 0.35174491619030324,
      "F1": 0.35174491619030324
    },
    "dark_quality": {
      "BLEU-1": 0.31717532214502414,
      "BLEU-2": 0.19002112114450306,
      "BLEU-3": 0.11156412942028884,
      "BLEU-4": 0.0664994313181131,
      "ROUGE-1": 0.35669652604330443,
      "ROUGE-2": 0.12673461925862078,
      "ROUGE-L": 0.3373313605154494,
      "F1": 0.3373313605154494
    },
    "quality_gaps": {
      "bleu4_gap": 0.010075244292472502,
      "f1_gap": 0.014413555674853862
    }
  }
}